customer_id,recency,frequency,monetary,avg_order_value,unique_categories,age,city,gender,churn
1000,45,5,26529.59,5305.918,4,55,Pune,Male,0
1001,21,5,36943.19,7388.638000000001,3,30,Ahmedabad,Female,0
1002,99,4,30368.29,7592.0725,2,60,Mumbai,Male,0
1003,215,2,6748.25,3374.125,2,31,Kolkata,Female,1
1004,8,3,11132.1,3710.7000000000003,3,40,Hyderabad,Female,0
1005,536,1,1119.54,1119.54,1,47,Delhi,Male,1
1006,26,4,24538.56,6134.64,3,40,Ahmedabad,Male,0
1007,144,3,8999.41,2999.8033333333333,3,31,Bangalore,Male,0
1008,137,2,16334.560000000001,8167.280000000001,2,61,Delhi,Female,0
1009,26,5,19651.56,3930.3120000000004,4,62,Bangalore,Male,0
1010,80,4,19556.4,4889.1,4,25,Mumbai,Male,0
1011,90,5,10284.31,2056.862,3,29,Chennai,Female,0
1012,34,1,714.32,714.32,1,30,Bangalore,Female,0
1013,320,3,19870.440000000002,6623.4800000000005,3,21,Chennai,Female,1
1014,139,3,16937.2,5645.733333333334,3,37,Mumbai,Female,0
1015,55,1,8044.18,8044.18,1,24,Ahmedabad,Female,0
1016,27,6,17015.66,2835.943333333333,4,42,Chennai,Female,0
1017,83,2,9470.29,4735.145,2,62,Hyderabad,Female,0
1018,24,8,23679.99,2959.99875,5,54,Mumbai,Male,0
1019,34,2,4971.12,2485.56,2,35,Mumbai,Male,0
1020,5,7,21910.09,3130.0128571428572,6,44,Bangalore,Female,0
1021,30,6,25269.239999999998,4211.54,5,40,Bangalore,Male,0
1022,88,5,24695.99,4939.198,4,18,Hyderabad,Male,0
1023,493,1,8079.81,8079.81,1,31,Hyderabad,Male,1
1024,174,6,20292.3,3382.0499999999997,4,64,Pune,Male,0
1025,294,2,2790.44,1395.22,1,42,Mumbai,Female,1
1026,171,3,7226.01,2408.67,3,37,Mumbai,Female,0
1027,15,4,20764.5,5191.125,3,38,Kolkata,Male,0
1028,309,6,18887.57,3147.9283333333333,5,47,Bangalore,Female,1
1030,26,2,11177.26,5588.63,2,58,Chennai,Male,0
1031,47,3,9324.84,3108.28,2,59,Delhi,Male,0
1032,382,1,5984.0,5984.0,1,27,Hyderabad,Female,1
1033,14,3,13639.98,4546.66,3,25,Delhi,Female,0
1034,121,3,27818.41,9272.803333333333,2,42,Kolkata,Male,0
1035,46,3,18711.13,6237.043333333334,3,63,Chennai,Female,0
1036,113,3,12882.01,4294.003333333333,3,64,Pune,Female,0
1037,14,3,5106.62,1702.2066666666667,2,33,Bangalore,Male,0
1038,49,5,26732.3,5346.46,4,32,Chennai,Male,0
1039,6,5,24584.05,4916.8099999999995,5,50,Hyderabad,Male,0
1040,25,6,19861.44,3310.24,3,64,Bangalore,Female,0
1041,24,3,11139.52,3713.1733333333336,3,25,Kolkata,Male,0
1042,121,7,16721.48,2388.782857142857,5,40,Kolkata,Male,0
1043,510,1,1517.92,1517.92,1,45,Mumbai,Female,1
1044,518,1,8164.32,8164.32,1,44,Bangalore,Female,1
1045,390,1,2822.97,2822.97,1,35,Ahmedabad,Female,1
1046,147,5,21533.7,4306.74,3,18,Ahmedabad,Male,0
1047,13,1,1473.6,1473.6,1,62,Hyderabad,Male,0
1048,37,4,6569.5,1642.375,3,34,Chennai,Female,0
1049,43,4,8771.68,2192.92,3,31,Bangalore,Female,0
1050,195,4,18516.78,4629.195,3,59,Kolkata,Female,1
1051,526,1,1419.29,1419.29,1,39,Kolkata,Male,1
1052,10,3,9482.0,3160.6666666666665,3,28,Chennai,Female,0
1053,182,5,20312.08,4062.416,3,31,Bangalore,Female,1
1054,122,5,17419.38,3483.876,4,23,Hyderabad,Female,0
1055,272,2,10032.07,5016.035,2,21,Delhi,Female,1
1056,248,2,13212.94,6606.47,1,34,Chennai,Female,1
1057,12,3,9461.43,3153.81,3,55,Mumbai,Male,0
1058,236,3,4206.7,1402.2333333333333,3,37,Chennai,Female,1
1059,346,1,1985.24,1985.24,1,23,Delhi,Male,1
1060,79,6,17647.28,2941.213333333333,4,23,Ahmedabad,Male,0
1061,51,3,17633.29,5877.763333333333,3,42,Hyderabad,Male,0
1062,157,3,11333.32,3777.773333333333,3,32,Hyderabad,Female,0
1063,154,1,1301.97,1301.97,1,31,Delhi,Male,0
1064,85,3,20034.88,6678.293333333334,3,25,Bangalore,Female,0
1065,305,2,10088.56,5044.28,2,30,Bangalore,Male,1
1066,224,2,16368.400000000001,8184.200000000001,2,39,Delhi,Male,1
1067,104,3,11600.84,3866.9466666666667,3,26,Ahmedabad,Female,0
1068,21,5,24748.07,4949.614,5,62,Kolkata,Male,0
1070,82,1,951.24,951.24,1,32,Delhi,Male,0
1071,516,1,2313.97,2313.97,1,61,Mumbai,Female,1
1072,149,7,19303.58,2757.654285714286,5,59,Hyderabad,Male,0
1073,180,1,1775.8,1775.8,1,62,Delhi,Male,0
1074,74,6,18032.29,3005.3816666666667,4,46,Delhi,Female,0
1075,265,3,7532.72,2510.9066666666668,3,50,Ahmedabad,Female,1
1076,19,2,2418.5699999999997,1209.2849999999999,2,29,Ahmedabad,Male,0
1077,21,4,26286.22,6571.555,2,54,Hyderabad,Female,0
1078,174,3,13532.16,4510.72,2,29,Ahmedabad,Male,0
1079,299,1,10492.02,10492.02,1,34,Ahmedabad,Female,1
1080,409,1,2785.5,2785.5,1,32,Hyderabad,Female,1
1081,219,4,8100.449999999999,2025.1124999999997,4,24,Pune,Male,1
1082,34,5,13278.15,2655.63,4,62,Pune,Male,0
1083,421,2,1733.85,866.925,1,52,Chennai,Male,1
1084,282,1,10910.28,10910.28,1,40,Hyderabad,Female,1
1085,170,3,7936.57,2645.523333333333,2,18,Pune,Male,0
1086,28,5,15370.38,3074.076,4,30,Mumbai,Female,0
1087,88,3,20875.940000000002,6958.646666666667,3,52,Pune,Male,0
1088,194,2,14985.84,7492.92,2,56,Hyderabad,Male,1
1089,169,5,23322.37,4664.474,2,59,Hyderabad,Female,0
1090,482,1,2574.25,2574.25,1,26,Mumbai,Male,1
1091,154,6,22705.949999999997,3784.3249999999994,4,18,Bangalore,Male,0
1092,25,5,22159.6,4431.92,5,52,Chennai,Female,0
1093,543,1,1098.83,1098.83,1,54,Chennai,Female,1
1094,144,4,33512.54,8378.135,3,24,Hyderabad,Male,0
1095,118,4,17315.03,4328.7575,3,57,Delhi,Female,0
1096,176,1,4426.25,4426.25,1,52,Chennai,Female,0
1097,253,4,17737.57,4434.3925,2,44,Ahmedabad,Female,1
1098,155,4,12232.86,3058.215,4,54,Delhi,Male,0
1099,218,2,18927.41,9463.705,1,59,Bangalore,Female,1
1100,351,2,8439.449999999999,4219.724999999999,2,19,Chennai,Male,1
1101,249,3,6485.85,2161.9500000000003,2,35,Delhi,Female,1
1102,119,2,4916.28,2458.14,2,60,Kolkata,Male,0
1103,221,6,15112.87,2518.811666666667,4,21,Hyderabad,Female,1
1104,49,4,10727.8,2681.95,3,46,Chennai,Male,0
1105,194,2,9202.939999999999,4601.469999999999,2,38,Pune,Male,1
1106,364,1,6751.79,6751.79,1,45,Chennai,Male,1
1107,219,2,8998.25,4499.125,2,33,Mumbai,Male,1
1108,16,5,18616.97,3723.3940000000002,4,50,Chennai,Male,0
1110,83,6,34696.32,5782.72,5,44,Bangalore,Female,0
1111,331,2,5699.46,2849.73,2,24,Bangalore,Male,1
1112,15,6,22611.92,3768.653333333333,4,27,Ahmedabad,Male,0
1113,54,5,15309.789999999999,3061.9579999999996,4,30,Hyderabad,Male,0
1114,149,3,3118.08,1039.36,1,36,Kolkata,Male,0
1115,12,5,11007.76,2201.552,2,18,Ahmedabad,Male,0
1116,210,3,4352.76,1450.92,2,29,Kolkata,Male,1
1117,122,5,22370.7,4474.14,4,20,Mumbai,Male,0
1118,73,3,20163.77,6721.256666666667,3,56,Kolkata,Male,0
1119,405,1,1059.6,1059.6,1,50,Delhi,Female,1
1120,252,1,1875.65,1875.65,1,20,Delhi,Female,1
1121,24,5,16425.43,3285.0860000000002,3,26,Pune,Male,0
1122,162,2,22846.13,11423.065,1,55,Chennai,Male,0
1123,71,5,26663.239999999998,5332.647999999999,4,32,Bangalore,Male,0
1124,1,3,21499.19,7166.3966666666665,1,40,Mumbai,Male,0
1125,218,5,37112.13,7422.4259999999995,3,27,Bangalore,Male,1
1126,15,2,10293.73,5146.865,2,59,Ahmedabad,Male,0
1127,23,5,20245.63,4049.126,5,28,Mumbai,Male,0
1128,109,4,9583.41,2395.8525,2,45,Kolkata,Male,0
1129,12,4,15649.58,3912.395,2,39,Kolkata,Female,0
1130,211,4,12890.029999999999,3222.5074999999997,3,63,Kolkata,Female,1
1131,107,4,6824.07,1706.0175,3,31,Chennai,Male,0
1132,29,3,12461.05,4153.683333333333,2,49,Chennai,Female,0
1133,7,2,6541.13,3270.565,2,64,Mumbai,Male,0
1134,195,2,2680.46,1340.23,2,40,Kolkata,Female,1
1135,132,1,943.32,943.32,1,46,Hyderabad,Female,0
1136,21,6,38102.42,6350.403333333333,4,22,Mumbai,Male,0
1137,17,4,23372.12,5843.03,2,54,Bangalore,Male,0
1138,81,4,6361.09,1590.2725,4,63,Delhi,Female,0
1139,82,3,6860.05,2286.6833333333334,3,54,Bangalore,Male,0
1140,195,6,25853.97,4308.995,4,57,Hyderabad,Female,1
1141,15,3,13626.98,4542.326666666667,3,21,Chennai,Male,0
1142,77,5,12623.75,2524.75,5,64,Delhi,Female,0
1143,122,3,15146.75,5048.916666666667,3,49,Ahmedabad,Female,0
1144,128,2,13082.57,6541.285,2,64,Kolkata,Male,0
1145,122,3,22334.730000000003,7444.910000000001,3,37,Hyderabad,Female,0
1146,108,5,20491.89,4098.378,4,64,Bangalore,Female,0
1147,40,3,13946.439999999999,4648.813333333333,2,43,Kolkata,Male,0
1148,71,6,19064.15,3177.3583333333336,5,59,Mumbai,Female,0
1149,29,1,1280.93,1280.93,1,47,Chennai,Male,0
1150,27,4,17736.84,4434.21,2,57,Hyderabad,Female,0
1151,30,3,9305.13,3101.7099999999996,3,33,Bangalore,Female,0
1152,69,3,13682.029999999999,4560.676666666666,3,23,Bangalore,Female,0
1153,15,8,24533.489999999998,3066.6862499999997,5,59,Chennai,Female,0
1154,269,2,4548.99,2274.495,2,35,Chennai,Female,1
1155,244,5,20851.510000000002,4170.302000000001,3,30,Hyderabad,Male,1
1156,125,3,11481.68,3827.226666666667,3,22,Kolkata,Female,0
1157,227,1,3083.94,3083.94,1,48,Delhi,Female,1
1158,71,4,13755.74,3438.935,3,20,Mumbai,Male,0
1159,157,6,22775.07,3795.845,6,59,Mumbai,Female,0
1160,65,4,10950.5,2737.625,3,32,Hyderabad,Female,0
1161,51,6,21855.0,3642.5,4,55,Mumbai,Female,0
1162,330,2,3736.08,1868.04,2,23,Bangalore,Male,1
1163,133,4,5421.76,1355.44,3,35,Hyderabad,Female,0
1164,18,4,16119.62,4029.905,2,44,Hyderabad,Female,0
1165,201,4,16104.46,4026.115,3,36,Pune,Male,1
1166,311,3,12864.849999999999,4288.283333333333,3,39,Chennai,Male,1
1167,1,1,5683.31,5683.31,1,26,Hyderabad,Male,0
1168,7,1,1184.95,1184.95,1,47,Delhi,Female,0
1169,20,5,21631.72,4326.344,4,26,Bangalore,Male,0
1170,39,3,9446.57,3148.8566666666666,3,35,Chennai,Female,0
1171,17,2,4320.48,2160.24,2,40,Pune,Male,0
1172,18,5,23405.53,4681.106,5,64,Mumbai,Male,0
1173,192,2,1707.93,853.965,2,53,Kolkata,Female,1
1174,77,4,10380.98,2595.245,3,54,Bangalore,Male,0
1175,506,1,955.94,955.94,1,45,Kolkata,Female,1
1176,4,5,12456.99,2491.398,4,37,Chennai,Female,0
1178,195,1,7524.34,7524.34,1,37,Bangalore,Female,1
1180,398,2,2352.16,1176.08,2,43,Delhi,Female,1
1181,441,1,4037.03,4037.03,1,40,Mumbai,Male,1
1182,44,7,22020.8,3145.828571428571,5,29,Chennai,Female,0
1183,180,2,8263.91,4131.955,2,45,Delhi,Female,0
1184,306,1,2258.44,2258.44,1,50,Pune,Male,1
1185,403,1,9050.75,9050.75,1,42,Kolkata,Female,1
1186,20,4,16941.45,4235.3625,3,59,Pune,Male,0
1187,49,6,12663.330000000002,2110.5550000000003,5,30,Chennai,Male,0
1188,269,1,6540.42,6540.42,1,53,Chennai,Male,1
1189,249,6,12513.43,2085.5716666666667,2,38,Delhi,Male,1
1190,127,3,22251.3,7417.099999999999,2,32,Kolkata,Male,0
1191,5,4,24808.73,6202.1825,2,61,Delhi,Female,0
1192,401,2,8268.31,4134.155,2,19,Bangalore,Female,1
1193,6,7,30994.11,4427.7300000000005,6,63,Hyderabad,Female,0
1194,49,4,19663.6,4915.9,4,25,Bangalore,Male,0
1195,103,4,29225.629999999997,7306.407499999999,4,37,Delhi,Female,0
1196,433,1,1088.66,1088.66,1,19,Kolkata,Male,1
1197,53,6,43691.32,7281.886666666666,4,34,Delhi,Male,0
1198,49,3,2825.6400000000003,941.8800000000001,1,24,Kolkata,Male,0
1199,536,1,1320.83,1320.83,1,64,Hyderabad,Female,1
1200,8,5,18269.52,3653.904,4,43,Chennai,Female,0
1201,32,5,10654.09,2130.818,3,55,Bangalore,Male,0
1202,12,4,9359.849999999999,2339.9624999999996,3,43,Delhi,Male,0
1203,19,1,1272.89,1272.89,1,29,Bangalore,Female,0
1204,217,3,12477.82,4159.2733333333335,3,49,Kolkata,Male,1
1205,13,5,9007.13,1801.426,4,63,Mumbai,Male,0
1206,36,2,18663.04,9331.52,1,40,Chennai,Male,0
1207,189,5,14767.990000000002,2953.5980000000004,4,24,Pune,Male,1
1208,252,2,19298.76,9649.38,1,31,Hyderabad,Female,1
1209,68,5,30735.71,6147.142,4,45,Ahmedabad,Female,0
1210,125,2,10960.68,5480.34,2,53,Delhi,Female,0
1211,321,2,7289.400000000001,3644.7000000000003,2,54,Chennai,Male,1
1212,149,4,13685.79,3421.4475,4,53,Delhi,Male,0
1213,57,4,8645.05,2161.2625,3,35,Hyderabad,Female,0
1214,9,3,18528.34,6176.113333333334,3,23,Delhi,Male,0
1215,18,5,18445.57,3689.114,2,39,Ahmedabad,Male,0
1216,39,5,12523.12,2504.6240000000003,3,26,Delhi,Female,0
1217,103,5,17827.03,3565.406,3,64,Mumbai,Male,0
1218,67,2,2547.92,1273.96,2,59,Mumbai,Male,0
1219,74,3,11574.11,3858.036666666667,2,40,Delhi,Male,0
1220,127,2,9959.07,4979.535,2,33,Hyderabad,Male,0
1221,428,1,941.56,941.56,1,39,Chennai,Male,1
1222,4,2,11402.189999999999,5701.094999999999,2,40,Mumbai,Female,0
1223,38,2,6660.92,3330.46,2,28,Chennai,Male,0
1224,41,3,4109.1,1369.7,2,40,Delhi,Female,0
1225,12,3,29399.479999999996,9799.826666666666,2,47,Ahmedabad,Female,0
1226,144,6,14310.560000000001,2385.0933333333337,4,21,Pune,Male,0
1227,412,2,4276.45,2138.225,2,48,Mumbai,Male,1
1228,322,1,1772.61,1772.61,1,64,Delhi,Male,1
1229,131,4,22668.219999999998,5667.054999999999,3,39,Mumbai,Female,0
1230,93,4,10811.07,2702.7675,4,41,Hyderabad,Female,0
1231,59,3,9405.210000000001,3135.07,3,61,Hyderabad,Female,0
1232,237,4,13958.490000000002,3489.6225000000004,3,40,Chennai,Male,1
1233,131,1,3452.04,3452.04,1,20,Hyderabad,Female,0
1234,154,6,30007.33,5001.221666666667,5,50,Mumbai,Male,0
1235,78,3,10467.15,3489.0499999999997,2,36,Kolkata,Female,0
1236,303,2,14212.39,7106.195,2,59,Pune,Male,1
1237,64,3,5367.84,1789.28,2,31,Chennai,Male,0
1238,11,3,14304.519999999999,4768.173333333333,3,52,Pune,Male,0
1241,19,7,32687.64,4669.662857142857,5,43,Delhi,Female,0
1242,169,2,7779.38,3889.69,2,53,Ahmedabad,Female,0
1243,68,2,14046.67,7023.335,2,23,Mumbai,Female,0
1244,42,5,25588.22,5117.644,4,55,Mumbai,Male,0
1245,25,3,15879.97,5293.323333333333,3,55,Delhi,Female,0
1246,95,4,25242.91,6310.7275,3,63,Pune,Female,0
1247,198,2,3797.0200000000004,1898.5100000000002,2,53,Ahmedabad,Male,1
1248,169,2,4519.92,2259.96,1,36,Bangalore,Male,0
1249,13,4,22212.75,5553.1875,3,27,Mumbai,Male,0
1250,22,3,5448.4400000000005,1816.1466666666668,2,60,Bangalore,Female,0
1252,30,4,27092.9,6773.225,3,30,Mumbai,Male,0
1253,39,6,31673.75,5278.958333333333,4,29,Hyderabad,Female,0
1255,103,3,13832.43,4610.81,2,40,Ahmedabad,Male,0
1256,504,1,11913.92,11913.92,1,57,Mumbai,Male,1
1257,417,3,19083.16,6361.053333333333,2,25,Hyderabad,Male,1
1258,100,3,4654.85,1551.6166666666668,3,30,Hyderabad,Female,0
1259,288,2,3652.27,1826.135,2,20,Ahmedabad,Female,1
1260,120,5,17264.84,3452.968,3,39,Delhi,Female,0
1261,113,5,15493.6,3098.7200000000003,4,42,Bangalore,Male,0
1262,67,3,14785.99,4928.663333333333,2,34,Hyderabad,Female,0
1263,328,2,17020.81,8510.405,2,22,Chennai,Female,1
1264,150,3,7480.5,2493.5,3,55,Chennai,Male,0
1265,28,3,13372.81,4457.6033333333335,3,26,Chennai,Female,0
1266,18,3,8588.150000000001,2862.716666666667,3,25,Mumbai,Male,0
1267,21,5,31866.01,6373.201999999999,3,21,Kolkata,Female,0
1268,224,2,2930.9300000000003,1465.4650000000001,2,59,Hyderabad,Female,1
1269,44,5,18285.08,3657.0160000000005,4,21,Kolkata,Male,0
1270,355,1,2748.68,2748.68,1,54,Hyderabad,Male,1
1271,6,4,18319.55,4579.8875,4,24,Chennai,Male,0
1272,45,4,4164.58,1041.145,3,26,Hyderabad,Male,0
1273,34,4,25093.31,6273.3275,2,51,Bangalore,Male,0
1274,1,2,3782.8900000000003,1891.4450000000002,2,64,Kolkata,Male,0
1275,152,1,508.96,508.96,1,30,Pune,Female,0
1276,37,8,24722.0,3090.25,5,34,Pune,Male,0
1277,162,3,10440.46,3480.153333333333,2,38,Mumbai,Female,0
1278,327,3,6061.889999999999,2020.6299999999999,3,61,Ahmedabad,Male,1
1279,113,2,6955.66,3477.83,2,30,Hyderabad,Male,0
1280,349,2,3821.45,1910.725,2,39,Delhi,Male,1
1281,101,2,12871.61,6435.805,2,54,Hyderabad,Female,0
1282,85,5,34653.869999999995,6930.773999999999,3,54,Hyderabad,Female,0
1283,55,3,15804.310000000001,5268.1033333333335,3,31,Chennai,Male,0
1284,38,4,9826.57,2456.6425,3,48,Bangalore,Male,0
1285,160,3,8917.779999999999,2972.593333333333,3,42,Mumbai,Male,0
1286,116,4,20823.74,5205.935,3,27,Pune,Male,0
1287,125,2,3554.9700000000003,1777.4850000000001,1,51,Mumbai,Female,0
1288,23,6,24632.2,4105.366666666667,5,23,Ahmedabad,Female,0
1289,125,1,1596.34,1596.34,1,39,Mumbai,Male,0
1290,56,2,17621.88,8810.94,2,40,Chennai,Female,0
1291,332,1,1494.43,1494.43,1,49,Ahmedabad,Female,1
1292,365,2,13216.279999999999,6608.139999999999,2,45,Bangalore,Female,1
1293,69,2,15728.670000000002,7864.335000000001,2,63,Pune,Female,0
1294,59,5,29182.850000000002,5836.570000000001,3,20,Delhi,Male,0
1295,62,5,8568.99,1713.798,3,20,Mumbai,Female,0
1297,213,1,2830.74,2830.74,1,48,Pune,Male,1
1298,164,2,15759.9,7879.95,2,28,Mumbai,Male,0
1299,353,2,1545.52,772.76,2,48,Mumbai,Male,1
1300,143,2,4204.01,2102.005,2,41,Hyderabad,Female,0
1301,46,6,20856.690000000002,3476.1150000000002,4,43,Bangalore,Male,0
1302,39,4,30635.3,7658.825,3,49,Ahmedabad,Female,0
1303,22,1,1971.34,1971.34,1,51,Chennai,Male,0
1304,12,6,41084.55,6847.425,3,35,Mumbai,Female,0
1305,161,2,15745.789999999999,7872.8949999999995,2,51,Bangalore,Female,0
1306,90,4,15021.82,3755.455,4,57,Chennai,Female,0
1307,163,2,6102.5,3051.25,2,38,Kolkata,Female,0
1308,299,1,3868.38,3868.38,1,43,Ahmedabad,Female,1
1309,404,1,6669.33,6669.33,1,31,Pune,Female,1
1310,33,5,7429.23,1485.846,4,34,Bangalore,Male,0
1311,189,3,7656.15,2552.0499999999997,2,45,Delhi,Female,1
1312,175,5,11547.92,2309.584,3,61,Hyderabad,Male,0
1313,57,5,11091.529999999999,2218.3059999999996,5,56,Pune,Female,0
1314,371,2,3884.0499999999997,1942.0249999999999,2,57,Ahmedabad,Male,1
1315,418,1,873.0,873.0,1,24,Kolkata,Female,1
1316,110,2,1291.99,645.995,2,58,Pune,Male,0
1317,38,6,22211.53,3701.9216666666666,4,21,Ahmedabad,Male,0
1318,331,1,11596.26,11596.26,1,28,Delhi,Female,1
1319,46,3,7660.01,2553.3366666666666,2,49,Bangalore,Female,0
1320,8,4,28181.64,7045.41,2,60,Bangalore,Male,0
1321,84,3,9647.91,3215.97,3,63,Delhi,Male,0
1322,447,1,550.81,550.81,1,38,Bangalore,Male,1
1323,211,4,24607.74,6151.935,3,31,Hyderabad,Female,1
1324,230,2,3491.62,1745.81,2,26,Kolkata,Male,1
1325,175,2,16370.17,8185.085,2,30,Kolkata,Male,0
1326,134,4,15122.78,3780.695,3,55,Delhi,Female,0
1327,261,3,13144.19,4381.3966666666665,3,23,Hyderabad,Male,1
1328,97,4,10594.38,2648.595,4,49,Delhi,Female,0
1329,355,3,7346.22,2448.7400000000002,3,42,Bangalore,Male,1
1330,71,6,53246.25,8874.375,2,30,Chennai,Female,0
1331,75,2,9037.54,4518.77,2,61,Mumbai,Male,0
1332,290,2,2707.23,1353.615,2,43,Delhi,Male,1
1333,153,4,18165.14,4541.285,4,36,Kolkata,Male,0
1334,125,4,6157.81,1539.4525,4,37,Delhi,Female,0
1335,1,6,24567.31,4094.5516666666667,4,29,Mumbai,Male,0
1336,265,3,11632.99,3877.6633333333334,3,64,Chennai,Male,1
1337,49,8,24696.050000000003,3087.0062500000004,4,48,Hyderabad,Female,0
1338,43,5,28549.24,5709.848,4,43,Bangalore,Male,0
1339,382,2,18888.17,9444.085,2,41,Mumbai,Male,1
1340,154,4,18870.59,4717.6475,4,46,Mumbai,Female,0
1341,181,5,17112.57,3422.514,2,54,Pune,Male,1
1342,250,3,20221.44,6740.48,2,31,Bangalore,Male,1
1343,19,2,5667.31,2833.655,2,46,Mumbai,Male,0
1344,238,2,22002.05,11001.025,2,20,Chennai,Male,1
1345,11,3,6540.5,2180.1666666666665,3,26,Bangalore,Male,0
1346,138,2,9309.03,4654.515,2,30,Bangalore,Male,0
1347,145,4,20865.760000000002,5216.4400000000005,2,41,Hyderabad,Female,0
1348,314,3,19434.690000000002,6478.2300000000005,3,30,Hyderabad,Male,1
1349,8,4,19280.870000000003,4820.217500000001,3,34,Bangalore,Male,0
1350,16,2,3450.1,1725.05,2,37,Bangalore,Female,0
1352,155,4,15351.6,3837.9,3,32,Kolkata,Female,0
1353,277,3,3413.5099999999998,1137.8366666666666,2,24,Pune,Male,1
1355,4,5,25704.67,5140.933999999999,3,49,Ahmedabad,Female,0
1356,5,2,4854.72,2427.36,2,53,Bangalore,Male,0
1357,254,2,10037.1,5018.55,2,53,Delhi,Male,1
1358,157,1,1081.37,1081.37,1,24,Mumbai,Female,0
1359,177,4,7219.23,1804.8075,3,22,Bangalore,Female,0
1360,37,4,12051.06,3012.765,4,51,Delhi,Male,0
1361,10,4,12069.96,3017.49,4,36,Mumbai,Female,0
1362,2,7,23519.72,3359.96,5,32,Bangalore,Female,0
1363,50,3,3150.93,1050.31,3,38,Pune,Male,0
1364,85,6,14302.85,2383.8083333333334,3,28,Hyderabad,Male,0
1365,215,3,11734.47,3911.49,3,32,Kolkata,Male,1
1366,78,2,11776.529999999999,5888.264999999999,2,43,Mumbai,Female,0
1367,414,1,1839.31,1839.31,1,41,Ahmedabad,Female,1
1368,255,3,6758.67,2252.89,3,58,Pune,Female,1
1369,34,3,3506.23,1168.7433333333333,2,46,Kolkata,Male,0
1370,37,3,17710.7,5903.566666666667,2,42,Ahmedabad,Female,0
1371,186,1,11744.16,11744.16,1,36,Mumbai,Male,1
1372,10,3,22842.13,7614.043333333334,2,44,Hyderabad,Male,0
1373,317,3,13576.86,4525.62,2,52,Mumbai,Female,1
1374,4,5,11523.05,2304.6099999999997,3,24,Bangalore,Male,0
1375,384,3,23917.15,7972.383333333334,2,49,Chennai,Male,1
1376,28,2,21645.0,10822.5,2,47,Hyderabad,Female,0
1377,60,3,6999.1900000000005,2333.0633333333335,2,37,Bangalore,Female,0
1378,151,3,19149.43,6383.143333333333,3,29,Mumbai,Male,0
1379,33,2,15596.739999999998,7798.369999999999,2,44,Hyderabad,Male,0
1380,120,4,13464.650000000001,3366.1625000000004,4,51,Hyderabad,Male,0
1381,127,2,2543.18,1271.59,1,18,Bangalore,Male,0
1382,35,4,19961.6,4990.4,3,51,Delhi,Male,0
1383,119,5,28823.940000000002,5764.7880000000005,4,40,Mumbai,Male,0
1384,461,2,5580.2300000000005,2790.1150000000002,2,19,Hyderabad,Male,1
1385,8,6,18734.35,3122.3916666666664,3,43,Hyderabad,Male,0
1386,196,7,25735.21,3676.4585714285713,6,62,Delhi,Male,1
1387,8,2,8341.869999999999,4170.9349999999995,2,53,Mumbai,Male,0
1388,373,2,13271.4,6635.7,2,36,Mumbai,Female,1
1389,91,5,19543.86,3908.772,5,63,Mumbai,Female,0
1390,46,5,19952.63,3990.5260000000003,3,48,Chennai,Male,0
1391,409,2,11514.609999999999,5757.304999999999,2,33,Mumbai,Female,1
1392,162,4,7959.139999999999,1989.7849999999999,4,22,Bangalore,Male,0
1394,118,5,22259.08,4451.816000000001,4,46,Bangalore,Male,0
1395,90,5,8605.79,1721.1580000000001,3,48,Delhi,Male,0
1396,124,7,15721.89,2245.9842857142858,5,40,Mumbai,Male,0
1397,127,5,16045.439999999999,3209.0879999999997,5,42,Hyderabad,Male,0
1398,8,6,26071.4,4345.233333333334,4,46,Mumbai,Male,0
1399,105,2,1438.99,719.495,2,19,Kolkata,Female,0
1400,21,9,48039.71,5337.745555555555,5,24,Chennai,Female,0
1401,69,3,6885.45,2295.15,3,30,Delhi,Female,0
1402,144,3,5211.37,1737.1233333333332,2,32,Delhi,Female,0
1403,33,5,38690.05,7738.01,2,56,Bangalore,Male,0
1404,71,5,20908.090000000004,4181.618,3,60,Chennai,Female,0
1405,83,5,11650.4,2330.08,4,26,Pune,Male,0
1406,166,5,16783.35,3356.6699999999996,3,48,Pune,Female,0
1407,20,3,19960.260000000002,6653.420000000001,2,28,Kolkata,Female,0
1408,414,1,7744.72,7744.72,1,52,Mumbai,Male,1
1409,428,1,5786.51,5786.51,1,44,Hyderabad,Male,1
1411,120,4,20201.88,5050.47,4,37,Kolkata,Female,0
1412,177,3,18589.93,6196.643333333333,2,22,Delhi,Female,0
1413,146,7,31180.620000000003,4454.374285714286,5,30,Mumbai,Female,0
1415,445,2,13477.45,6738.725,2,21,Delhi,Male,1
1417,343,2,2439.98,1219.99,2,27,Mumbai,Female,1
1418,371,4,11935.650000000001,2983.9125000000004,3,63,Mumbai,Female,1
1419,24,8,41869.53,5233.69125,4,49,Chennai,Male,0
1420,33,4,13488.939999999999,3372.2349999999997,4,53,Ahmedabad,Male,0
1421,225,4,11850.76,2962.69,3,62,Bangalore,Male,1
1422,409,1,1087.12,1087.12,1,50,Bangalore,Male,1
1423,127,1,3673.04,3673.04,1,20,Mumbai,Female,0
1424,17,7,33051.71,4721.672857142857,4,58,Chennai,Female,0
1425,506,1,1176.5,1176.5,1,27,Mumbai,Male,1
1426,215,3,14549.350000000002,4849.783333333334,3,19,Chennai,Male,1
1427,6,4,15824.220000000001,3956.0550000000003,3,23,Hyderabad,Female,0
1428,486,2,1794.17,897.085,2,53,Bangalore,Female,1
1429,3,1,747.69,747.69,1,25,Mumbai,Male,0
1430,119,3,4805.9,1601.9666666666665,3,18,Mumbai,Female,0
1431,188,4,11431.78,2857.945,2,48,Kolkata,Male,1
1432,321,1,1418.63,1418.63,1,19,Ahmedabad,Female,1
1433,131,1,6074.07,6074.07,1,38,Chennai,Male,0
1434,162,6,7683.11,1280.5183333333332,3,56,Hyderabad,Female,0
1435,128,3,13618.16,4539.386666666666,2,42,Mumbai,Female,0
1436,9,1,1696.3,1696.3,1,37,Kolkata,Female,0
1437,218,3,9906.18,3302.06,2,55,Chennai,Male,1
1439,431,1,6754.96,6754.96,1,34,Bangalore,Female,1
1440,49,2,15152.14,7576.07,2,62,Mumbai,Male,0
1441,122,5,35671.47,7134.294,3,53,Delhi,Male,0
1442,240,4,14845.68,3711.42,3,40,Pune,Male,1
1443,47,1,3546.21,3546.21,1,51,Pune,Female,0
1444,129,7,28688.87,4098.41,4,38,Chennai,Male,0
1445,21,3,13762.25,4587.416666666667,3,46,Chennai,Female,0
1446,232,3,9069.26,3023.0866666666666,3,61,Hyderabad,Male,1
1447,35,2,4887.96,2443.98,2,23,Hyderabad,Male,0
1448,92,5,27163.91,5432.782,4,46,Chennai,Male,0
1449,15,5,16343.380000000001,3268.6760000000004,4,61,Mumbai,Male,0
1450,431,1,951.08,951.08,1,35,Bangalore,Female,1
1451,85,3,8016.2699999999995,2672.0899999999997,3,56,Chennai,Female,0
1452,77,5,18648.390000000003,3729.678000000001,3,43,Mumbai,Female,0
1453,313,4,11116.15,2779.0375,3,42,Mumbai,Female,1
1454,57,7,18216.76,2602.3942857142856,6,44,Kolkata,Female,0
1455,147,6,20128.65,3354.775,4,24,Delhi,Female,0
1456,56,6,17121.68,2853.6133333333332,3,29,Bangalore,Female,0
1457,100,1,868.17,868.17,1,26,Mumbai,Female,0
1458,33,5,16307.5,3261.5,4,45,Bangalore,Female,0
1459,18,6,50679.299999999996,8446.55,4,60,Mumbai,Female,0
1460,85,3,2047.62,682.54,2,50,Delhi,Male,0
1461,277,2,14275.810000000001,7137.905000000001,2,49,Bangalore,Female,1
1462,217,2,4011.66,2005.83,2,20,Delhi,Female,1
1463,224,2,18400.55,9200.275,1,59,Delhi,Female,1
1464,66,4,25028.35,6257.0875,3,40,Hyderabad,Female,0
1465,328,1,10922.49,10922.49,1,41,Delhi,Female,1
1466,45,4,15832.79,3958.1975,4,27,Delhi,Male,0
1467,170,2,2683.12,1341.56,2,29,Mumbai,Male,0
1468,107,1,2705.68,2705.68,1,57,Pune,Female,0
1469,31,2,23762.82,11881.41,1,20,Delhi,Female,0
1470,134,7,27597.1,3942.442857142857,4,31,Mumbai,Male,0
1472,293,2,3104.37,1552.185,2,24,Chennai,Female,1
1473,14,3,25501.23,8500.41,3,30,Ahmedabad,Male,0
1474,47,3,14796.2,4932.066666666667,3,49,Chennai,Female,0
1475,25,7,21684.33,3097.761428571429,5,25,Hyderabad,Female,0
1476,38,4,18235.350000000002,4558.837500000001,3,38,Hyderabad,Female,0
1477,400,3,13675.57,4558.5233333333335,3,26,Ahmedabad,Female,1
1479,12,3,15809.02,5269.673333333333,2,46,Pune,Female,0
1480,65,3,16463.22,5487.740000000001,3,24,Chennai,Female,0
1481,125,3,6411.76,2137.2533333333336,1,28,Pune,Female,0
1482,23,5,17423.92,3484.7839999999997,3,35,Mumbai,Female,0
1483,213,2,10771.82,5385.91,2,62,Delhi,Male,1
1484,70,8,27630.78,3453.8475,6,55,Hyderabad,Female,0
1485,321,1,4953.6,4953.6,1,29,Ahmedabad,Male,1
1487,112,5,15147.85,3029.57,3,36,Delhi,Male,0
1488,17,6,34384.65,5730.775000000001,4,57,Hyderabad,Female,0
1489,158,6,36999.69,6166.615000000001,4,32,Bangalore,Female,0
1490,28,2,41963.41,20981.705,1,22,Ahmedabad,Female,0
1491,82,3,14061.619999999999,4687.206666666666,3,39,Bangalore,Male,0
1492,29,4,20900.23,5225.0575,3,26,Bangalore,Female,0
1493,51,5,8067.42,1613.484,3,55,Pune,Female,0
1494,11,3,15515.73,5171.91,2,29,Kolkata,Male,0
1495,528,1,1899.86,1899.86,1,33,Delhi,Female,1
1496,82,5,20554.2,4110.84,3,33,Hyderabad,Male,0
1497,39,1,2562.98,2562.98,1,43,Chennai,Female,0
1498,72,6,36043.59,6007.264999999999,4,30,Delhi,Male,0
1499,5,5,23009.07,4601.814,3,43,Bangalore,Female,0
1500,54,3,10273.300000000001,3424.433333333334,3,27,Hyderabad,Male,0
1501,186,2,16888.28,8444.14,2,40,Hyderabad,Female,1
1502,195,3,16872.07,5624.0233333333335,3,59,Chennai,Male,1
1503,33,5,19133.9,3826.78,4,21,Mumbai,Male,0
1504,68,5,16290.499999999998,3258.0999999999995,5,40,Bangalore,Female,0
1505,396,1,9999.18,9999.18,1,18,Delhi,Male,1
1506,199,1,5679.65,5679.65,1,25,Bangalore,Female,1
1507,183,4,25835.83,6458.9575,3,38,Kolkata,Male,1
1508,5,6,31276.71,5212.785,4,31,Hyderabad,Male,0
1509,63,3,14997.93,4999.31,3,40,Ahmedabad,Male,0
1510,354,5,28335.82,5667.164,3,35,Delhi,Female,1
1511,77,2,17502.98,8751.49,2,60,Hyderabad,Female,0
1512,47,3,10135.42,3378.4733333333334,3,37,Kolkata,Male,0
1513,71,3,13749.4,4583.133333333333,3,30,Hyderabad,Female,0
1514,43,5,12497.18,2499.436,4,23,Chennai,Male,0
1515,131,7,34945.44,4992.205714285715,5,20,Ahmedabad,Male,0
1516,25,5,27699.059999999998,5539.812,2,38,Hyderabad,Male,0
1517,28,4,4975.29,1243.8225,3,30,Mumbai,Male,0
1518,88,3,15526.050000000001,5175.35,3,26,Hyderabad,Female,0
1519,149,6,25040.36,4173.393333333333,6,50,Chennai,Male,0
1520,40,6,30452.53,5075.421666666666,4,53,Ahmedabad,Male,0
1521,201,2,11609.0,5804.5,2,36,Mumbai,Male,1
1522,56,2,22582.24,11291.12,2,61,Mumbai,Female,0
1523,10,3,20763.52,6921.173333333333,2,25,Chennai,Male,0
1524,42,3,25088.76,8362.92,3,37,Delhi,Female,0
1525,76,5,12195.12,2439.0240000000003,2,20,Mumbai,Female,0
1526,307,2,12459.25,6229.625,2,39,Mumbai,Male,1
1527,134,1,1605.83,1605.83,1,63,Mumbai,Female,0
1528,431,2,23795.6,11897.8,1,41,Mumbai,Female,1
1529,421,1,2770.03,2770.03,1,51,Delhi,Female,1
1530,203,1,1254.38,1254.38,1,30,Hyderabad,Female,1
1531,203,4,18948.98,4737.245,3,27,Bangalore,Female,1
1532,53,3,4194.43,1398.1433333333334,2,27,Hyderabad,Male,0
1533,59,4,10295.94,2573.985,3,56,Hyderabad,Female,0
1534,506,1,1083.7,1083.7,1,49,Ahmedabad,Male,1
1535,286,3,11172.95,3724.316666666667,3,61,Chennai,Male,1
1536,5,5,38986.07,7797.214,3,60,Hyderabad,Female,0
1537,456,1,2323.56,2323.56,1,34,Mumbai,Female,1
1539,83,6,22639.77,3773.295,3,44,Ahmedabad,Male,0
1540,64,4,8940.880000000001,2235.2200000000003,3,32,Pune,Female,0
1541,49,5,25654.37,5130.874,4,36,Mumbai,Male,0
1542,391,2,8582.58,4291.29,2,18,Delhi,Male,1
1543,287,3,18759.34,6253.113333333334,3,54,Hyderabad,Female,1
1545,151,6,38254.95,6375.825,3,41,Bangalore,Male,0
1546,149,4,10922.24,2730.56,3,47,Chennai,Female,0
1547,147,2,8167.75,4083.875,2,36,Hyderabad,Male,0
1548,247,2,16708.34,8354.17,1,54,Delhi,Male,1
1549,60,3,3787.85,1262.6166666666666,1,33,Bangalore,Male,0
1550,103,3,11040.12,3680.0400000000004,3,58,Bangalore,Female,0
1551,419,2,1218.38,609.19,2,43,Kolkata,Male,1
1552,25,5,26803.54,5360.7080000000005,4,36,Hyderabad,Male,0
1553,68,5,15802.84,3160.568,5,43,Hyderabad,Female,0
1554,119,2,10465.3,5232.65,1,30,Chennai,Male,0
1556,177,5,18244.42,3648.8839999999996,5,57,Hyderabad,Male,0
1557,457,3,10768.73,3589.5766666666664,3,33,Pune,Female,1
1558,10,7,35525.159999999996,5075.022857142857,5,20,Ahmedabad,Male,0
1559,30,7,37704.24,5386.32,4,22,Hyderabad,Female,0
1560,46,6,17327.9,2887.9833333333336,3,31,Hyderabad,Female,0
1562,35,6,12266.550000000001,2044.4250000000002,4,49,Delhi,Male,0
1563,258,4,29888.12,7472.03,2,61,Delhi,Female,1
1564,62,2,3182.8,1591.4,2,55,Delhi,Female,0
1565,17,4,9892.130000000001,2473.0325000000003,4,40,Delhi,Female,0
1566,3,3,6647.889999999999,2215.963333333333,2,47,Mumbai,Male,0
1567,119,1,1058.21,1058.21,1,28,Hyderabad,Male,0
1568,55,3,5058.55,1686.1833333333334,3,64,Delhi,Female,0
1569,63,4,14773.260000000002,3693.3150000000005,4,26,Bangalore,Female,0
1570,28,3,10499.37,3499.7900000000004,3,38,Delhi,Female,0
1571,396,2,3615.04,1807.52,1,23,Mumbai,Male,1
1572,60,3,13562.3,4520.766666666666,3,52,Hyderabad,Female,0
1573,93,4,18195.96,4548.99,4,20,Hyderabad,Male,0
1574,165,6,20367.87,3394.645,5,30,Delhi,Female,0
1575,61,2,3225.99,1612.995,2,46,Mumbai,Male,0
1576,257,2,16565.06,8282.53,2,44,Pune,Female,1
1577,115,4,13052.11,3263.0275,4,22,Hyderabad,Female,0
1578,177,4,31972.36,7993.09,2,19,Ahmedabad,Female,0
1579,142,2,12374.92,6187.46,2,29,Mumbai,Female,0
1580,212,5,22068.760000000002,4413.752,4,44,Bangalore,Male,1
1581,1,3,7193.71,2397.903333333333,2,37,Kolkata,Female,0
1582,219,2,14207.369999999999,7103.6849999999995,2,37,Delhi,Male,1
1583,139,3,8085.59,2695.1966666666667,3,53,Bangalore,Male,0
1584,355,2,12501.199999999999,6250.599999999999,2,64,Mumbai,Male,1
1585,139,2,13137.83,6568.915,1,49,Ahmedabad,Male,0
1586,225,2,16583.02,8291.51,2,29,Delhi,Female,1
1587,111,8,47472.32,5934.04,4,59,Pune,Male,0
1588,2,5,44552.97,8910.594000000001,4,64,Mumbai,Male,0
1589,332,2,10099.48,5049.74,2,37,Mumbai,Female,1
1590,508,1,2251.28,2251.28,1,41,Pune,Female,1
1591,218,2,14431.99,7215.995,2,26,Chennai,Female,1
1592,113,6,14794.89,2465.815,3,37,Mumbai,Male,0
1593,121,5,23107.05,4621.41,4,42,Hyderabad,Male,0
1594,94,3,21776.0,7258.666666666667,3,32,Delhi,Female,0
1595,37,4,13999.400000000001,3499.8500000000004,3,64,Delhi,Female,0
1596,40,1,524.95,524.95,1,46,Bangalore,Male,0
1597,33,7,30909.96,4415.708571428571,3,28,Delhi,Male,0
1600,6,4,20836.03,5209.0075,3,53,Hyderabad,Male,0
1601,286,4,9599.3,2399.825,3,46,Delhi,Male,1
1602,39,1,3815.17,3815.17,1,46,Mumbai,Female,0
1603,165,4,25026.43,6256.6075,4,30,Bangalore,Female,0
1604,13,4,15637.71,3909.4275,4,21,Hyderabad,Female,0
1606,230,2,2109.0699999999997,1054.5349999999999,2,18,Ahmedabad,Female,1
1607,481,3,9619.48,3206.4933333333333,3,33,Hyderabad,Male,1
1608,91,2,12459.34,6229.67,2,48,Mumbai,Male,0
1609,144,5,17465.43,3493.0860000000002,3,18,Mumbai,Male,0
1610,457,2,1747.2399999999998,873.6199999999999,1,24,Delhi,Female,1
1611,462,3,14378.240000000002,4792.746666666667,2,42,Chennai,Male,1
1612,69,7,21630.71,3090.1014285714286,5,40,Delhi,Female,0
1613,70,3,17953.09,5984.363333333334,3,53,Hyderabad,Male,0
1614,289,2,2668.5299999999997,1334.2649999999999,2,39,Hyderabad,Male,1
1615,190,3,4972.75,1657.5833333333333,2,61,Kolkata,Male,1
1616,166,1,1163.92,1163.92,1,20,Delhi,Male,0
1617,114,4,14510.75,3627.6875,4,49,Kolkata,Male,0
1618,88,3,6412.94,2137.6466666666665,2,27,Chennai,Female,0
1619,167,7,14047.81,2006.83,5,22,Mumbai,Female,0
1620,224,3,12145.11,4048.3700000000003,3,23,Mumbai,Female,1
1621,345,1,1694.17,1694.17,1,26,Hyderabad,Female,1
1622,324,3,19681.6,6560.533333333333,3,45,Mumbai,Male,1
1623,229,5,26092.57,5218.514,4,51,Chennai,Female,1
1624,112,2,5119.64,2559.82,2,59,Mumbai,Male,0
1625,413,1,2432.02,2432.02,1,25,Hyderabad,Female,1
1626,93,2,7198.4400000000005,3599.2200000000003,2,30,Hyderabad,Male,0
1627,14,5,23101.08,4620.216,3,53,Hyderabad,Male,0
1628,208,6,23548.4,3924.7333333333336,5,61,Pune,Male,1
1629,179,4,20964.309999999998,5241.077499999999,3,30,Mumbai,Male,0
1630,250,2,10131.29,5065.645,2,30,Mumbai,Female,1
1631,87,5,23913.59,4782.718,4,20,Pune,Female,0
1632,232,4,16890.17,4222.5425,3,59,Delhi,Female,1
1633,15,6,17249.31,2874.885,4,37,Hyderabad,Female,0
1634,6,3,7326.79,2442.2633333333333,2,41,Bangalore,Female,0
1635,459,1,1555.96,1555.96,1,60,Hyderabad,Female,1
1636,6,3,19537.53,6512.509999999999,3,51,Chennai,Female,0
1637,37,3,18960.28,6320.093333333333,2,38,Pune,Male,0
1638,18,4,18190.489999999998,4547.6224999999995,4,29,Delhi,Male,0
1639,5,4,31071.219999999998,7767.804999999999,3,56,Delhi,Male,0
1640,301,2,2249.46,1124.73,2,51,Delhi,Female,1
1641,252,2,15341.44,7670.72,2,61,Bangalore,Male,1
1642,469,1,1250.28,1250.28,1,63,Ahmedabad,Female,1
1643,122,4,17503.67,4375.9175,4,54,Kolkata,Female,0
1644,165,3,22102.66,7367.553333333333,2,55,Mumbai,Male,0
1645,80,7,40139.840000000004,5734.262857142858,4,29,Hyderabad,Female,0
1646,340,3,8785.58,2928.5266666666666,1,42,Ahmedabad,Female,1
1647,118,3,4880.09,1626.6966666666667,3,37,Hyderabad,Male,0
1648,69,4,21545.149999999998,5386.287499999999,3,47,Ahmedabad,Female,0
1649,159,3,27230.8,9076.933333333332,3,44,Hyderabad,Female,0
1650,175,1,10011.53,10011.53,1,56,Delhi,Male,0
1651,470,1,6043.09,6043.09,1,27,Kolkata,Male,1
1652,304,3,6107.12,2035.7066666666667,3,38,Bangalore,Female,1
1653,72,2,7168.15,3584.075,2,39,Hyderabad,Male,0
1654,22,1,3369.17,3369.17,1,35,Delhi,Female,0
1655,254,2,6297.52,3148.76,2,59,Bangalore,Female,1
1656,43,4,16426.59,4106.6475,3,34,Kolkata,Female,0
1657,161,3,7308.5,2436.1666666666665,2,63,Chennai,Male,0
1658,200,4,15265.82,3816.455,3,60,Mumbai,Female,1
1659,148,3,15311.41,5103.803333333333,3,33,Bangalore,Female,0
1660,29,8,39420.8,4927.6,6,61,Mumbai,Female,0
1661,24,10,33698.020000000004,3369.8020000000006,7,25,Kolkata,Female,0
1662,172,3,19692.13,6564.043333333334,2,45,Delhi,Male,0
1663,13,6,18520.97,3086.8283333333334,4,30,Pune,Female,0
1664,82,3,6236.5,2078.8333333333335,2,41,Mumbai,Female,0
1665,50,4,7240.78,1810.195,2,63,Delhi,Female,0
1666,99,3,23657.27,7885.756666666667,2,20,Kolkata,Male,0
1667,174,3,16863.64,5621.213333333333,2,32,Bangalore,Male,0
1668,315,2,11137.01,5568.505,2,42,Delhi,Female,1
1669,177,4,15194.29,3798.5725,3,59,Hyderabad,Female,0
1670,280,1,1027.08,1027.08,1,34,Delhi,Female,1
1671,7,8,10677.2,1334.65,4,39,Delhi,Male,0
1672,128,3,8290.06,2763.353333333333,2,52,Hyderabad,Male,0
1673,55,4,16816.01,4204.0025,4,50,Chennai,Female,0
1674,39,2,6400.58,3200.29,2,63,Ahmedabad,Female,0
1675,9,4,9020.75,2255.1875,2,52,Ahmedabad,Male,0
1676,5,1,4913.78,4913.78,1,21,Mumbai,Female,0
1677,88,2,3930.23,1965.115,2,25,Mumbai,Male,0
1678,230,2,4622.59,2311.295,1,35,Delhi,Female,1
1679,129,3,4020.96,1340.32,1,19,Chennai,Female,0
1680,107,3,27745.949999999997,9248.65,3,22,Kolkata,Male,0
1681,27,4,11009.84,2752.46,4,59,Delhi,Male,0
1682,147,2,9030.48,4515.24,2,24,Pune,Male,0
1683,80,2,4541.46,2270.73,2,53,Delhi,Female,0
1684,18,7,20444.489999999998,2920.641428571428,4,47,Chennai,Male,0
1685,70,4,13151.96,3287.99,4,26,Pune,Male,0
1686,63,4,8011.6,2002.9,4,37,Bangalore,Male,0
1687,113,5,9301.3,1860.2599999999998,3,21,Hyderabad,Male,0
1688,38,3,13058.779999999999,4352.926666666666,3,34,Kolkata,Female,0
1689,29,7,34595.53,4942.2185714285715,3,41,Delhi,Male,0
1690,77,4,12632.1,3158.025,3,54,Kolkata,Male,0
1691,222,1,422.91,422.91,1,63,Mumbai,Female,1
1692,1,4,5889.85,1472.4625,2,42,Delhi,Male,0
1694,172,3,16649.7,5549.900000000001,3,56,Mumbai,Female,0
1695,88,3,17194.94,5731.6466666666665,2,41,Delhi,Male,0
1696,31,2,7167.950000000001,3583.9750000000004,2,55,Hyderabad,Male,0
1697,228,5,25304.149999999998,5060.83,4,37,Delhi,Female,1
1698,82,3,11191.05,3730.35,3,48,Mumbai,Female,0
1699,86,9,54855.880000000005,6095.097777777778,4,31,Hyderabad,Male,0
1700,83,3,8720.38,2906.793333333333,3,20,Bangalore,Male,0
1701,5,3,18911.57,6303.856666666667,3,19,Hyderabad,Male,0
1702,55,5,28088.29,5617.658,4,33,Chennai,Male,0
1703,28,6,13257.92,2209.653333333333,4,48,Chennai,Female,0
1704,147,2,13212.039999999999,6606.0199999999995,2,33,Delhi,Female,0
1706,183,2,14048.77,7024.385,2,46,Pune,Male,1
1707,358,1,2310.94,2310.94,1,57,Chennai,Male,1
1708,62,6,19799.370000000003,3299.8950000000004,5,31,Mumbai,Female,0
1709,115,5,21600.34,4320.068,4,55,Bangalore,Female,0
1710,436,2,12075.08,6037.54,1,45,Chennai,Male,1
1711,24,1,14222.31,14222.31,1,57,Delhi,Male,0
1712,225,2,2447.92,1223.96,2,38,Hyderabad,Female,1
1713,26,8,12373.5,1546.6875,4,57,Kolkata,Female,0
1714,133,4,18257.6,4564.4,3,21,Delhi,Female,0
1715,8,5,21111.27,4222.254,3,49,Hyderabad,Female,0
1716,101,1,812.44,812.44,1,62,Mumbai,Female,0
1717,44,3,6039.9,2013.3,2,63,Hyderabad,Female,0
1718,72,2,3627.73,1813.865,2,63,Delhi,Male,0
1719,84,4,13981.57,3495.3925,4,20,Delhi,Male,0
1720,41,4,14430.949999999999,3607.7374999999997,3,58,Ahmedabad,Male,0
1721,480,1,1186.91,1186.91,1,42,Bangalore,Male,1
1722,114,1,2628.02,2628.02,1,53,Mumbai,Male,0
1723,79,2,6522.34,3261.17,2,45,Pune,Female,0
1724,205,4,23590.190000000002,5897.547500000001,3,19,Kolkata,Male,1
1725,38,9,36793.840000000004,4088.204444444445,5,53,Hyderabad,Female,0
1726,143,7,29310.9,4187.271428571429,5,54,Hyderabad,Female,0
1727,217,2,2472.19,1236.095,1,29,Kolkata,Female,1
1728,41,4,24558.22,6139.555,3,38,Chennai,Male,0
1729,70,3,3288.08,1096.0266666666666,2,37,Delhi,Male,0
1730,367,2,3242.79,1621.395,2,37,Hyderabad,Female,1
1731,185,4,16269.13,4067.2825,4,52,Kolkata,Female,1
1732,136,3,11289.14,3763.0466666666666,3,40,Mumbai,Male,0
1733,135,2,9248.849999999999,4624.424999999999,2,27,Hyderabad,Female,0
1734,218,2,9242.59,4621.295,1,32,Delhi,Male,1
1735,51,5,26975.71,5395.142,3,30,Ahmedabad,Male,0
1736,137,2,6567.41,3283.705,2,30,Ahmedabad,Female,0
1737,124,4,13071.79,3267.9475,2,35,Hyderabad,Male,0
1738,32,3,8699.91,2899.97,3,27,Mumbai,Male,0
1739,198,4,9492.6,2373.15,3,43,Pune,Female,1
1740,164,2,6944.219999999999,3472.1099999999997,2,56,Delhi,Female,0
1741,303,2,4068.42,2034.21,2,32,Bangalore,Female,1
1742,174,2,7157.92,3578.96,2,21,Delhi,Male,0
1743,84,5,19392.48,3878.496,3,41,Bangalore,Female,0
1744,93,2,5784.360000000001,2892.1800000000003,1,22,Kolkata,Male,0
1745,95,3,13000.98,4333.66,2,40,Ahmedabad,Male,0
1747,42,4,35628.67,8907.1675,2,31,Hyderabad,Male,0
1748,207,3,10823.349999999999,3607.783333333333,2,23,Pune,Male,1
1749,106,3,20195.089999999997,6731.696666666666,3,48,Hyderabad,Male,0
1750,9,5,23060.88,4612.176,3,26,Chennai,Male,0
1751,120,3,6002.54,2000.8466666666666,2,33,Pune,Male,0
1752,18,4,21596.489999999998,5399.1224999999995,2,52,Mumbai,Male,0
1753,134,4,26072.809999999998,6518.202499999999,3,48,Kolkata,Male,0
1754,40,3,8009.820000000001,2669.94,2,51,Pune,Female,0
1755,279,1,766.42,766.42,1,19,Delhi,Male,1
1756,300,2,10746.289999999999,5373.1449999999995,2,63,Mumbai,Male,1
1757,169,4,12822.55,3205.6375,3,59,Hyderabad,Female,0
1758,13,7,19658.53,2808.3614285714284,3,38,Hyderabad,Female,0
1759,102,1,3926.46,3926.46,1,61,Delhi,Male,0
1760,75,6,25948.13,4324.6883333333335,3,21,Mumbai,Male,0
1761,22,3,20205.84,6735.28,3,57,Delhi,Male,0
1762,49,7,29891.039999999997,4270.148571428571,4,61,Hyderabad,Male,0
1763,58,5,24255.47,4851.094,3,27,Pune,Female,0
1765,261,1,7193.45,7193.45,1,33,Hyderabad,Female,1
1766,216,5,19051.92,3810.3839999999996,4,35,Kolkata,Male,1
1767,253,1,2103.88,2103.88,1,64,Ahmedabad,Female,1
1768,68,3,12225.56,4075.1866666666665,3,60,Delhi,Female,0
1769,8,7,26648.84,3806.977142857143,4,61,Delhi,Female,0
1770,132,3,13153.95,4384.650000000001,2,54,Delhi,Male,0
1771,27,4,10125.82,2531.455,2,48,Delhi,Female,0
1772,154,1,2136.93,2136.93,1,41,Mumbai,Male,0
1773,110,3,24913.51,8304.503333333332,2,36,Chennai,Female,0
1774,324,2,13936.92,6968.46,2,34,Delhi,Female,1
1775,107,7,34377.35,4911.05,4,39,Delhi,Male,0
1776,83,2,8320.91,4160.455,1,32,Kolkata,Female,0
1777,125,4,26699.86,6674.965,2,40,Kolkata,Female,0
1778,70,5,14080.57,2816.114,3,60,Pune,Female,0
1779,6,3,7869.45,2623.15,3,54,Hyderabad,Female,0
1780,72,6,15083.09,2513.8483333333334,3,48,Hyderabad,Male,0
1781,35,1,1173.19,1173.19,1,40,Hyderabad,Male,0
1782,503,2,3279.46,1639.73,2,34,Hyderabad,Male,1
1783,157,3,11004.060000000001,3668.0200000000004,3,63,Bangalore,Female,0
1784,18,5,22090.99,4418.198,4,54,Hyderabad,Male,0
1785,478,1,8834.0,8834.0,1,39,Mumbai,Female,1
1786,33,3,25480.59,8493.53,2,21,Pune,Male,0
1788,87,2,3095.35,1547.675,2,47,Delhi,Male,0
1789,1,3,13296.970000000001,4432.323333333334,3,57,Chennai,Female,0
1790,71,3,13378.130000000001,4459.376666666667,3,30,Chennai,Male,0
1791,121,4,15428.68,3857.17,3,50,Kolkata,Male,0
1792,95,4,5496.1900000000005,1374.0475000000001,3,21,Mumbai,Male,0
1793,35,7,39955.65,5707.95,4,27,Delhi,Male,0
1794,205,3,15340.32,5113.44,2,47,Hyderabad,Male,1
1795,134,3,3709.73,1236.5766666666666,3,41,Mumbai,Female,0
1796,56,5,20466.44,4093.2879999999996,3,64,Pune,Female,0
1797,111,4,24632.62,6158.155,3,60,Hyderabad,Male,0
1798,457,1,1270.02,1270.02,1,35,Pune,Male,1
1799,85,3,30927.020000000004,10309.006666666668,3,47,Kolkata,Female,0
1800,109,4,12743.29,3185.8225,4,25,Bangalore,Male,0
1801,30,6,33480.770000000004,5580.128333333334,4,55,Hyderabad,Female,0
1802,38,3,6193.03,2064.3433333333332,2,53,Bangalore,Female,0
1803,152,2,8642.630000000001,4321.3150000000005,2,27,Delhi,Female,0
1804,20,6,15198.1,2533.016666666667,4,57,Kolkata,Male,0
1805,389,4,6842.57,1710.6425,2,22,Mumbai,Male,1
1806,45,4,13148.89,3287.2225,4,43,Hyderabad,Male,0
1808,127,2,6602.7699999999995,3301.3849999999998,2,39,Mumbai,Female,0
1809,294,1,6443.05,6443.05,1,55,Hyderabad,Female,1
1811,489,1,1011.61,1011.61,1,61,Delhi,Female,1
1813,51,5,14120.349999999999,2824.0699999999997,3,52,Chennai,Female,0
1814,30,4,14492.21,3623.0525,4,37,Bangalore,Male,0
1815,79,6,28279.11,4713.185,4,30,Hyderabad,Male,0
1816,47,6,15220.750000000002,2536.791666666667,4,56,Bangalore,Female,0
1817,30,1,5465.64,5465.64,1,29,Bangalore,Male,0
1818,162,3,8425.79,2808.596666666667,2,39,Hyderabad,Male,0
1819,41,5,28441.82,5688.364,4,39,Hyderabad,Female,0
1820,5,6,12597.51,2099.585,5,48,Ahmedabad,Male,0
1821,96,7,38199.82,5457.117142857142,5,26,Kolkata,Female,0
1822,5,5,12504.52,2500.904,4,53,Delhi,Male,0
1823,95,3,4022.8,1340.9333333333334,2,59,Pune,Female,0
1824,219,5,16956.5,3391.3,4,53,Pune,Male,1
1825,148,3,10826.24,3608.7466666666664,2,40,Mumbai,Female,0
1826,383,2,1093.35,546.675,1,57,Pune,Female,1
1827,52,6,30157.39,5026.231666666667,4,49,Delhi,Female,0
1828,60,2,6378.469999999999,3189.2349999999997,1,19,Delhi,Male,0
1830,110,5,20985.57,4197.114,5,32,Pune,Female,0
1831,246,2,2600.96,1300.48,2,61,Delhi,Female,1
1832,21,6,28452.51,4742.085,4,47,Delhi,Female,0
1833,429,2,3905.2799999999997,1952.6399999999999,2,51,Bangalore,Female,1
1834,449,1,884.87,884.87,1,38,Kolkata,Male,1
1835,44,5,17023.82,3404.764,4,53,Mumbai,Male,0
1836,187,6,28063.4,4677.233333333334,5,28,Delhi,Female,1
1837,18,5,16321.55,3264.31,2,26,Ahmedabad,Female,0
1839,46,3,30970.88,10323.626666666667,2,54,Mumbai,Female,0
1840,125,2,6075.76,3037.88,2,28,Mumbai,Female,0
1841,14,4,21277.53,5319.3825,4,44,Hyderabad,Male,0
1842,47,2,3605.49,1802.745,1,53,Ahmedabad,Female,0
1843,251,4,14808.65,3702.1625,3,31,Kolkata,Female,1
1844,39,3,3669.7799999999997,1223.26,1,35,Pune,Female,0
1845,258,3,12223.16,4074.3866666666668,2,44,Hyderabad,Female,1
1846,42,3,5375.4,1791.8,3,24,Mumbai,Male,0
1847,114,4,38235.98,9558.995,3,22,Pune,Male,0
1848,53,3,13217.409999999998,4405.803333333332,2,41,Chennai,Female,0
1849,6,3,5510.700000000001,1836.9000000000003,3,38,Kolkata,Female,0
1850,30,4,14517.95,3629.4875,3,63,Delhi,Female,0
1851,55,1,812.18,812.18,1,55,Chennai,Male,0
1852,94,5,21982.760000000002,4396.552000000001,4,43,Hyderabad,Male,0
1853,120,4,9178.57,2294.6425,3,43,Bangalore,Male,0
1854,167,2,1471.6100000000001,735.8050000000001,1,21,Ahmedabad,Female,0
1855,92,5,16626.86,3325.3720000000003,5,58,Hyderabad,Female,0
1856,248,2,4208.08,2104.04,2,32,Chennai,Male,1
1857,335,3,18123.85,6041.283333333333,2,51,Kolkata,Male,1
1858,5,5,21812.0,4362.4,4,39,Mumbai,Male,0
1859,85,3,12781.619999999999,4260.54,3,34,Hyderabad,Female,0
1860,150,3,13991.25,4663.75,3,19,Delhi,Male,0
1861,60,3,13438.58,4479.526666666667,3,26,Hyderabad,Male,0
1862,235,3,11155.810000000001,3718.603333333334,2,60,Bangalore,Female,1
1863,37,4,13568.33,3392.0825,3,51,Kolkata,Female,0
1864,193,3,18721.59,6240.53,2,27,Delhi,Female,1
1865,45,4,27792.65,6948.1625,1,26,Chennai,Female,0
1866,83,5,29927.29,5985.4580000000005,5,40,Mumbai,Male,0
1867,135,4,10885.59,2721.3975,3,56,Bangalore,Male,0
1868,17,4,12498.69,3124.6725,3,31,Delhi,Male,0
1869,205,2,7530.46,3765.23,2,63,Hyderabad,Female,1
1870,83,4,4890.8,1222.7,3,45,Mumbai,Male,0
1871,65,4,16619.05,4154.7625,4,36,Delhi,Male,0
1872,63,5,15436.560000000001,3087.3120000000004,4,34,Chennai,Male,0
1873,229,3,5023.65,1674.55,2,64,Bangalore,Male,1
1874,263,2,3850.4700000000003,1925.2350000000001,2,38,Bangalore,Male,1
1875,178,3,23855.85,7951.95,2,34,Kolkata,Male,0
1876,64,5,19806.93,3961.386,3,25,Pune,Male,0
1877,207,1,1292.7,1292.7,1,30,Ahmedabad,Female,1
1878,115,3,15464.93,5154.9766666666665,3,29,Chennai,Female,0
1880,23,10,30691.85,3069.185,4,48,Chennai,Male,0
1882,166,7,25342.28,3620.325714285714,5,39,Hyderabad,Female,0
1883,169,5,7754.45,1550.8899999999999,2,52,Delhi,Female,0
1884,179,2,6768.92,3384.46,2,38,Bangalore,Male,0
1885,163,4,6665.129999999999,1666.2824999999998,4,31,Hyderabad,Male,0
1886,37,4,12869.73,3217.4325,3,47,Chennai,Male,0
1887,46,4,16853.79,4213.4475,3,27,Delhi,Female,0
1888,38,4,11643.77,2910.9425,4,43,Hyderabad,Female,0
1890,281,6,21311.54,3551.9233333333336,5,47,Delhi,Female,1
1891,74,5,13029.03,2605.806,4,54,Chennai,Female,0
1892,164,4,13876.64,3469.16,4,50,Hyderabad,Male,0
1893,117,1,3071.39,3071.39,1,35,Hyderabad,Female,0
1894,52,6,25166.32,4194.386666666666,4,19,Chennai,Female,0
1895,211,3,19279.8,6426.599999999999,3,43,Delhi,Female,1
1896,37,2,3191.6899999999996,1595.8449999999998,2,38,Hyderabad,Female,0
1897,90,4,23851.37,5962.8425,2,29,Chennai,Male,0
1898,23,7,30084.15,4297.7357142857145,5,35,Mumbai,Male,0
1899,46,5,17699.9,3539.9800000000005,2,26,Bangalore,Female,0
1900,268,1,1264.06,1264.06,1,43,Delhi,Male,1
1901,148,5,7984.48,1596.896,2,32,Hyderabad,Female,0
1902,95,5,31773.95,6354.79,2,55,Pune,Female,0
1903,467,1,10112.87,10112.87,1,64,Chennai,Female,1
1904,134,3,6272.63,2090.8766666666666,2,22,Hyderabad,Female,0
1905,140,4,25846.230000000003,6461.557500000001,4,44,Hyderabad,Female,0
1906,171,2,8331.41,4165.705,1,48,Mumbai,Male,0
1908,151,4,9764.38,2441.095,3,44,Hyderabad,Male,0
1909,48,3,2940.98,980.3266666666667,2,31,Ahmedabad,Male,0
1910,118,5,37143.57,7428.714,4,19,Mumbai,Male,0
1911,342,2,4404.89,2202.445,2,53,Hyderabad,Female,1
1912,78,3,17965.66,5988.553333333333,2,55,Mumbai,Female,0
1913,169,4,17624.94,4406.235,3,24,Chennai,Female,0
1914,22,4,5249.39,1312.3475,3,31,Chennai,Male,0
1915,112,2,14233.41,7116.705,2,20,Mumbai,Female,0
1916,8,6,27837.100000000002,4639.516666666667,6,61,Bangalore,Female,0
1917,6,4,13547.82,3386.955,3,24,Delhi,Male,0
1918,29,4,30709.17,7677.2925,3,55,Chennai,Female,0
1919,266,3,12351.939999999999,4117.313333333333,2,58,Pune,Female,1
1920,21,7,43401.55,6200.221428571429,4,19,Mumbai,Female,0
1921,112,2,11412.85,5706.425,2,58,Pune,Male,0
1922,467,3,7193.780000000001,2397.9266666666667,2,34,Hyderabad,Male,1
1923,39,3,14482.07,4827.356666666667,3,58,Pune,Female,0
1924,188,6,32028.0,5338.0,3,26,Mumbai,Female,1
1925,170,3,8142.219999999999,2714.0733333333333,3,29,Bangalore,Male,0
1926,124,1,10641.87,10641.87,1,36,Ahmedabad,Female,0
1927,167,3,4316.18,1438.7266666666667,3,41,Mumbai,Male,0
1928,37,6,19998.670000000002,3333.111666666667,6,38,Mumbai,Male,0
1929,64,5,23325.82,4665.164,4,38,Delhi,Female,0
1930,31,3,25433.9,8477.966666666667,2,29,Bangalore,Male,0
1931,330,3,14714.79,4904.93,3,62,Mumbai,Female,1
1932,92,1,1416.4,1416.4,1,56,Bangalore,Female,0
1933,203,6,24622.9,4103.816666666667,5,49,Kolkata,Male,1
1934,277,2,13415.28,6707.64,2,52,Bangalore,Male,1
1935,21,9,34972.91,3885.8788888888894,4,33,Kolkata,Male,0
1936,28,3,9193.98,3064.66,3,57,Bangalore,Female,0
1937,265,3,11134.849999999999,3711.6166666666663,2,22,Bangalore,Female,1
1938,82,3,16757.8,5585.933333333333,3,19,Delhi,Female,0
1939,164,5,22798.98,4559.796,3,34,Mumbai,Female,0
1940,397,2,3078.5,1539.25,2,40,Delhi,Male,1
1941,174,5,12218.02,2443.6040000000003,4,35,Kolkata,Male,0
1942,104,5,24071.75,4814.35,3,22,Mumbai,Female,0
1943,37,5,22152.92,4430.584,3,52,Bangalore,Female,0
1944,451,1,801.93,801.93,1,59,Pune,Male,1
1945,100,5,17684.35,3536.87,4,36,Bangalore,Male,0
1946,106,9,59870.58,6652.286666666667,5,31,Hyderabad,Female,0
1947,77,4,6890.68,1722.67,2,61,Ahmedabad,Female,0
1948,502,2,8602.17,4301.085,2,52,Delhi,Female,1
1949,50,2,11749.4,5874.7,2,36,Kolkata,Female,0
1950,111,4,14890.38,3722.595,4,60,Delhi,Female,0
1951,52,5,23605.91,4721.182,3,48,Delhi,Female,0
1952,325,1,4189.57,4189.57,1,42,Delhi,Female,1
1953,241,2,3685.61,1842.805,2,56,Hyderabad,Male,1
1954,100,5,21133.28,4226.656,4,39,Chennai,Female,0
1955,235,6,19043.94,3173.99,4,29,Mumbai,Male,1
1956,9,7,24368.23,3481.175714285714,4,46,Bangalore,Male,0
1957,37,7,40949.86,5849.9800000000005,2,28,Mumbai,Female,0
1958,43,3,8063.24,2687.7466666666664,3,23,Ahmedabad,Female,0
1959,42,3,18411.739999999998,6137.246666666666,2,38,Delhi,Male,0
1960,245,2,3437.27,1718.635,2,52,Bangalore,Male,1
1961,195,4,11892.81,2973.2025,4,41,Chennai,Female,1
1962,208,4,16034.5,4008.625,3,59,Pune,Female,1
1963,68,4,15428.36,3857.09,4,45,Hyderabad,Male,0
1965,294,2,8579.93,4289.965,2,49,Hyderabad,Male,1
1966,259,1,11860.94,11860.94,1,41,Chennai,Male,1
1967,215,3,3164.78,1054.9266666666667,3,51,Delhi,Female,1
1968,218,4,20619.66,5154.915,3,21,Delhi,Female,1
1969,502,1,2336.32,2336.32,1,37,Ahmedabad,Female,1
1970,212,4,31319.85,7829.9625,3,36,Delhi,Female,1
1971,102,3,19981.2,6660.400000000001,3,21,Hyderabad,Male,0
1972,106,5,27398.01,5479.602,3,61,Hyderabad,Male,0
1973,79,6,20341.86,3390.31,3,60,Mumbai,Male,0
1974,85,3,5435.8,1811.9333333333334,2,45,Delhi,Female,0
1975,377,2,11707.3,5853.65,2,54,Delhi,Male,1
1976,114,3,13477.82,4492.606666666667,3,64,Ahmedabad,Male,0
1977,226,3,11915.85,3971.9500000000003,3,51,Ahmedabad,Male,1
1978,223,1,1860.15,1860.15,1,33,Bangalore,Male,1
1979,21,4,14232.37,3558.0925,3,58,Bangalore,Male,0
1980,256,4,4237.0,1059.25,2,33,Hyderabad,Female,1
1981,36,4,20507.28,5126.82,3,62,Mumbai,Male,0
1982,25,4,14490.2,3622.55,4,63,Bangalore,Male,0
1983,33,5,29810.63,5962.126,4,32,Delhi,Male,0
1984,37,4,20556.08,5139.02,3,37,Chennai,Male,0
1985,63,3,18530.55,6176.849999999999,3,57,Chennai,Male,0
1986,515,1,16451.85,16451.85,1,23,Chennai,Female,1
1987,20,6,23683.73,3947.2883333333334,3,43,Hyderabad,Male,0
1988,140,3,4553.42,1517.8066666666666,3,38,Delhi,Male,0
1989,30,7,20899.27,2985.61,5,48,Bangalore,Male,0
1990,187,2,9809.57,4904.785,2,23,Pune,Female,1
1991,47,3,10242.52,3414.1733333333336,2,25,Mumbai,Female,0
1992,80,6,20714.0,3452.3333333333335,5,50,Bangalore,Male,0
1993,5,4,11546.5,2886.625,3,57,Hyderabad,Male,0
1994,42,3,16393.64,5464.546666666666,3,45,Mumbai,Male,0
1995,59,2,10993.69,5496.845,2,20,Bangalore,Male,0
1996,275,3,9358.5,3119.5,3,23,Bangalore,Male,1
1997,199,3,3698.23,1232.7433333333333,3,24,Chennai,Female,1
1998,80,4,13450.09,3362.5225,3,54,Ahmedabad,Male,0
1999,96,1,4096.97,4096.97,1,21,Mumbai,Female,0
2000,87,3,12356.8,4118.933333333333,3,28,Hyderabad,Male,0
2001,73,1,597.22,597.22,1,33,Mumbai,Female,0
2002,395,2,12154.099999999999,6077.049999999999,2,28,Hyderabad,Male,1
2003,53,3,5017.610000000001,1672.5366666666669,3,29,Mumbai,Female,0
2004,151,3,5442.63,1814.21,2,25,Delhi,Male,0
2005,532,1,3161.09,3161.09,1,34,Mumbai,Female,1
2006,110,5,28289.01,5657.802,3,22,Bangalore,Male,0
2007,16,5,14952.039999999999,2990.408,4,35,Hyderabad,Female,0
2008,66,5,8848.52,1769.7040000000002,4,55,Delhi,Male,0
2009,143,3,8835.32,2945.1066666666666,2,55,Hyderabad,Male,0
2010,40,2,9633.8,4816.9,2,50,Delhi,Male,0
2011,73,5,20547.789999999997,4109.557999999999,3,51,Hyderabad,Male,0
2012,52,5,7977.23,1595.446,3,61,Bangalore,Female,0
2013,30,5,12586.23,2517.246,3,28,Bangalore,Male,0
2014,20,8,38690.19,4836.27375,5,43,Bangalore,Male,0
2015,58,3,7042.02,2347.34,2,34,Mumbai,Female,0
2016,14,6,23704.36,3950.726666666667,4,37,Hyderabad,Female,0
2017,43,3,24104.65,8034.883333333334,3,24,Pune,Female,0
2018,175,1,3468.53,3468.53,1,25,Pune,Male,0
2019,202,5,23399.079999999998,4679.816,3,23,Hyderabad,Male,1
2020,15,3,17342.82,5780.94,2,33,Kolkata,Male,0
2021,246,4,25508.03,6377.0075,4,57,Mumbai,Male,1
2022,37,2,1649.2,824.6,2,26,Chennai,Female,0
2023,27,3,11734.5,3911.5,3,47,Bangalore,Male,0
2024,33,5,8293.81,1658.762,3,61,Hyderabad,Male,0
2025,253,1,8113.02,8113.02,1,37,Kolkata,Male,1
2026,218,4,16184.37,4046.0925,2,31,Kolkata,Male,1
2027,223,1,943.0,943.0,1,35,Hyderabad,Male,1
2028,14,3,17815.08,5938.360000000001,2,37,Delhi,Male,0
2029,328,1,1571.26,1571.26,1,48,Hyderabad,Female,1
2030,22,5,11578.8,2315.7599999999998,3,36,Bangalore,Female,0
2031,16,5,22524.39,4504.878,4,53,Bangalore,Female,0
2032,346,1,7198.29,7198.29,1,22,Mumbai,Female,1
2033,23,4,22213.14,5553.285,2,24,Mumbai,Male,0
2034,129,1,2202.83,2202.83,1,22,Mumbai,Female,0
2035,166,8,50423.99,6302.99875,3,30,Kolkata,Male,0
2036,61,6,29380.45,4896.741666666667,4,27,Mumbai,Male,0
2037,77,2,4216.58,2108.29,2,61,Bangalore,Male,0
2038,116,3,5379.14,1793.0466666666669,3,28,Hyderabad,Female,0
2039,294,4,27249.940000000002,6812.485000000001,2,28,Ahmedabad,Male,1
2040,20,6,24996.91,4166.151666666667,5,32,Mumbai,Female,0
2041,117,1,7643.94,7643.94,1,19,Pune,Male,0
2042,22,3,4612.849999999999,1537.6166666666666,3,42,Mumbai,Female,0
2043,93,6,16932.35,2822.058333333333,4,51,Bangalore,Male,0
2044,79,1,2808.09,2808.09,1,42,Delhi,Male,0
2045,47,5,25056.059999999998,5011.2119999999995,4,61,Chennai,Male,0
2046,108,3,14946.76,4982.253333333333,2,30,Pune,Female,0
2048,96,3,19834.54,6611.513333333333,1,28,Pune,Male,0
2049,201,4,8750.5,2187.625,2,53,Ahmedabad,Male,1
2050,55,2,2548.49,1274.245,2,52,Mumbai,Male,0
2051,49,3,11206.97,3735.6566666666663,3,28,Kolkata,Male,0
2052,270,2,14828.130000000001,7414.0650000000005,2,64,Bangalore,Female,1
2053,504,3,12732.65,4244.216666666666,3,59,Hyderabad,Male,1
2054,48,2,8163.610000000001,4081.8050000000003,2,59,Bangalore,Female,0
2056,106,4,13646.74,3411.685,2,37,Bangalore,Female,0
2058,8,4,6163.41,1540.8525,2,20,Mumbai,Male,0
2059,16,1,7415.02,7415.02,1,54,Mumbai,Male,0
2060,25,2,12531.81,6265.905,2,33,Hyderabad,Male,0
2061,65,2,4986.99,2493.495,2,50,Mumbai,Male,0
2062,112,10,43643.47,4364.347,6,54,Delhi,Female,0
2063,39,4,14190.699999999999,3547.6749999999997,3,48,Delhi,Female,0
2064,106,5,7053.1,1410.6200000000001,2,64,Chennai,Female,0
2065,139,2,6259.31,3129.655,2,61,Hyderabad,Male,0
2066,421,1,1061.28,1061.28,1,29,Delhi,Male,1
2067,71,5,9226.16,1845.232,3,24,Mumbai,Male,0
2068,217,2,14134.65,7067.325,2,38,Chennai,Male,1
2069,203,4,6973.0599999999995,1743.2649999999999,4,54,Hyderabad,Female,1
2070,116,6,19758.68,3293.1133333333332,5,43,Mumbai,Female,0
2071,303,3,18405.84,6135.28,3,55,Mumbai,Male,1
2072,70,5,25620.65,5124.13,3,37,Chennai,Female,0
2074,60,2,2759.52,1379.76,2,39,Mumbai,Male,0
2076,216,6,7588.28,1264.7133333333334,3,19,Bangalore,Male,1
2077,226,3,27741.050000000003,9247.016666666668,1,24,Mumbai,Male,1
2078,203,1,794.44,794.44,1,19,Bangalore,Male,1
2079,451,2,9848.53,4924.265,2,47,Bangalore,Male,1
2080,115,2,3127.76,1563.88,1,30,Hyderabad,Male,0
2081,53,4,21500.54,5375.135,3,46,Kolkata,Male,0
2082,2,8,27226.59,3403.32375,4,28,Hyderabad,Male,0
2083,184,3,3232.13,1077.3766666666668,2,43,Chennai,Female,1
2085,263,3,6786.58,2262.193333333333,2,47,Mumbai,Male,1
2086,88,5,17006.77,3401.3540000000003,3,41,Ahmedabad,Male,0
2087,184,1,6866.7,6866.7,1,31,Chennai,Male,1
2088,6,6,20675.9,3445.9833333333336,4,36,Bangalore,Female,0
2089,251,4,27828.920000000002,6957.2300000000005,3,59,Delhi,Male,1
2090,537,1,11789.35,11789.35,1,24,Pune,Female,1
2091,205,3,7346.04,2448.68,3,55,Kolkata,Female,1
2092,346,5,15649.67,3129.934,4,41,Mumbai,Male,1
2093,210,5,31233.58,6246.716,4,32,Ahmedabad,Female,1
2095,220,3,13301.37,4433.79,3,43,Pune,Female,1
2096,32,6,18261.23,3043.5383333333334,5,41,Pune,Male,0
2097,109,3,5690.97,1896.99,2,50,Delhi,Female,0
2098,9,6,32666.65,5444.441666666667,5,59,Bangalore,Male,0
2099,16,4,17034.64,4258.66,4,45,Mumbai,Female,0
2100,47,1,2760.28,2760.28,1,46,Chennai,Male,0
2101,44,3,8593.76,2864.5866666666666,3,26,Ahmedabad,Female,0
2102,136,3,27708.12,9236.039999999999,1,38,Delhi,Male,0
2103,341,1,1771.09,1771.09,1,36,Kolkata,Male,1
2104,192,5,12958.11,2591.6220000000003,4,29,Chennai,Male,1
2105,89,3,13932.59,4644.196666666667,3,41,Delhi,Female,0
2106,288,1,2187.2,2187.2,1,42,Pune,Female,1
2107,10,10,25741.96,2574.196,5,50,Chennai,Female,0
2108,482,3,3166.2799999999997,1055.4266666666665,2,33,Delhi,Male,1
2109,102,5,14154.73,2830.946,4,54,Chennai,Female,0
2110,179,2,8270.48,4135.24,2,41,Pune,Female,0
2111,66,4,22020.480000000003,5505.120000000001,4,58,Delhi,Male,0
2112,23,4,11347.89,2836.9725,4,27,Pune,Male,0
2113,18,2,15696.98,7848.49,2,55,Hyderabad,Female,0
2114,144,3,22233.629999999997,7411.209999999999,2,31,Hyderabad,Male,0
2115,46,2,15362.51,7681.255,2,37,Hyderabad,Male,0
2116,500,2,27143.559999999998,13571.779999999999,1,46,Pune,Male,1
2118,23,2,10722.72,5361.36,2,40,Hyderabad,Male,0
2119,472,3,7570.49,2523.4966666666664,3,37,Delhi,Male,1
2120,6,4,16651.71,4162.9275,4,27,Bangalore,Male,0
2121,433,1,3403.64,3403.64,1,33,Chennai,Male,1
2122,2,9,51576.08,5730.675555555556,4,31,Mumbai,Male,0
2123,36,5,10842.4,2168.48,3,24,Hyderabad,Male,0
2124,70,4,17101.41,4275.3525,4,32,Delhi,Female,0
2125,8,7,25181.829999999998,3597.4042857142854,5,42,Delhi,Male,0
2126,83,4,27330.75,6832.6875,2,33,Chennai,Male,0
2127,130,6,40810.8,6801.8,4,35,Delhi,Female,0
2129,1,4,8103.08,2025.77,3,57,Mumbai,Male,0
2130,88,4,11488.31,2872.0775,3,29,Pune,Male,0
2131,90,4,13765.06,3441.265,3,36,Hyderabad,Male,0
2132,169,7,31706.050000000003,4529.435714285714,5,58,Kolkata,Male,0
2133,508,1,1042.33,1042.33,1,35,Hyderabad,Male,1
2134,133,4,5178.52,1294.63,3,26,Delhi,Female,0
2135,274,3,12517.9,4172.633333333333,3,62,Mumbai,Female,1
2136,23,7,23178.42,3311.202857142857,5,59,Mumbai,Female,0
2137,109,2,12860.630000000001,6430.3150000000005,1,29,Bangalore,Male,0
2138,273,2,4226.530000000001,2113.2650000000003,2,27,Mumbai,Male,1
2139,439,1,8575.74,8575.74,1,18,Mumbai,Male,1
2140,66,6,34872.55,5812.091666666667,4,62,Mumbai,Female,0
2141,106,7,18925.53,2703.6471428571426,5,20,Delhi,Female,0
2142,188,4,5260.1,1315.025,3,52,Chennai,Male,1
2143,55,7,18878.46,2696.922857142857,5,24,Kolkata,Female,0
2144,150,2,1502.1399999999999,751.0699999999999,2,22,Pune,Female,0
2145,12,3,15460.64,5153.546666666666,2,48,Kolkata,Female,0
2146,284,1,2022.6,2022.6,1,34,Hyderabad,Male,1
2147,87,6,31674.71,5279.118333333333,4,18,Hyderabad,Female,0
2148,187,2,8955.15,4477.575,2,21,Delhi,Female,1
2149,15,2,3283.78,1641.89,2,38,Hyderabad,Male,0
2150,49,7,32090.55,4584.364285714286,4,40,Delhi,Male,0
2151,221,3,9179.37,3059.7900000000004,3,33,Bangalore,Female,1
2152,72,6,19545.62,3257.603333333333,3,27,Bangalore,Male,0
2153,2,5,10813.99,2162.798,3,63,Mumbai,Male,0
2154,73,4,19044.93,4761.2325,3,52,Hyderabad,Female,0
2155,301,2,3319.17,1659.585,2,41,Chennai,Female,1
2156,66,3,4193.9,1397.9666666666665,2,43,Hyderabad,Male,0
2157,15,3,9618.32,3206.1066666666666,2,28,Delhi,Male,0
2158,311,1,2152.21,2152.21,1,49,Kolkata,Female,1
2159,124,2,16589.88,8294.94,2,44,Ahmedabad,Male,0
2160,53,4,23347.260000000002,5836.8150000000005,4,43,Delhi,Male,0
2161,3,1,3089.93,3089.93,1,55,Delhi,Female,0
2162,138,3,10412.99,3470.9966666666664,3,24,Ahmedabad,Male,0
2163,116,2,2076.44,1038.22,2,37,Bangalore,Male,0
2164,196,5,19988.4,3997.6800000000003,3,18,Hyderabad,Male,1
2165,233,1,891.53,891.53,1,44,Delhi,Female,1
2166,300,3,10715.2,3571.7333333333336,2,19,Delhi,Female,1
2167,95,5,33704.03,6740.806,3,49,Mumbai,Female,0
2168,40,5,18399.77,3679.954,4,30,Bangalore,Male,0
2169,62,3,12213.55,4071.183333333333,3,28,Mumbai,Female,0
2170,193,4,10787.810000000001,2696.9525000000003,3,18,Mumbai,Female,1
2171,274,4,25046.73,6261.6825,2,32,Mumbai,Female,1
2172,470,2,3132.59,1566.295,2,43,Ahmedabad,Female,1
2174,497,2,7676.49,3838.245,2,58,Delhi,Female,1
2175,108,1,1125.19,1125.19,1,47,Hyderabad,Male,0
2176,207,4,24173.53,6043.3825,3,19,Chennai,Female,1
2177,194,6,33543.55,5590.591666666667,3,54,Bangalore,Male,1
2178,168,2,11342.76,5671.38,2,62,Delhi,Male,0
2179,12,5,31525.5,6305.1,2,26,Delhi,Female,0
2180,295,4,7376.96,1844.24,2,39,Ahmedabad,Female,1
2181,26,2,11341.27,5670.635,2,61,Mumbai,Male,0
2182,74,3,11045.08,3681.693333333333,3,52,Ahmedabad,Female,0
2183,285,3,12749.31,4249.7699999999995,2,54,Kolkata,Male,1
2184,59,9,28894.61,3210.512222222222,5,41,Hyderabad,Male,0
2185,31,3,12015.67,4005.2233333333334,3,37,Pune,Female,0
2186,169,5,14088.55,2817.71,4,20,Chennai,Male,0
2187,57,3,17930.18,5976.7266666666665,2,35,Chennai,Male,0
2188,136,3,18380.690000000002,6126.896666666667,3,28,Ahmedabad,Male,0
2189,203,3,7230.639999999999,2410.213333333333,3,25,Kolkata,Male,1
2190,3,3,3470.55,1156.8500000000001,2,60,Chennai,Female,0
2191,45,6,17147.85,2857.975,6,26,Kolkata,Female,0
2192,316,1,3889.96,3889.96,1,64,Chennai,Male,1
2193,111,2,2822.1000000000004,1411.0500000000002,2,45,Pune,Female,0
2194,406,2,10048.69,5024.345,2,46,Mumbai,Male,1
2195,45,5,27150.71,5430.142,3,34,Hyderabad,Female,0
2196,73,4,16566.21,4141.5525,4,46,Ahmedabad,Male,0
2197,35,1,11679.25,11679.25,1,46,Chennai,Female,0
2198,8,3,9795.77,3265.2566666666667,3,35,Mumbai,Male,0
2199,5,3,8046.98,2682.3266666666664,3,33,Bangalore,Male,0
